Marca temporal,¿Cuándo sucedió?,¿A qué hora sucedió? (24:00 hrs),¿Cuál es tu género? ,¿De qué semestre eres?,¿Cuál es tu carrera?,Breve descripción del agresor ,Tipo de crimen,Longitud (Ej: -88.3011) ,Latitud (Ej: 18.5144)
30/11/2021 16:02,03/01/2000,8:00:00 p. m.,Masculino,Cuarto Semestre,Programación,"Alto, complexión robusta, tés morena, 1.80 ",Asalto,-88.3099,18.5155
30/11/2021 16:42,29/11/2021,2:15:00 p. m.,Masculino,Tercer Semestre,Programación,Adulto de aproximadamente 20 años,Asalto,-88.280507,18.522261
30/11/2021 17:26,10/11/2021,2:30:00 p. m.,Masculino,Tercer Semestre,Programación,"Estatura baja, barba notablemente descuidada,  pelo castaño, y lentes de sol",Intimidación,-88.3202,18.5087
18/01/2022 21:07,06/01/2022,4:50:00 p. m.,Femenino,Cuarto Semestre,Construcción,personma joven en stado de etilico,Intimidación,-88.28453,18.54917
23/01/2022 14:21,04/01/2022,2:55:00 p. m.,Masculino,Tercer Semestre,Construcción,grupo de adolecentes,Intimidación,-88.2723,18.54296
23/01/2022 14:58,21/01/2022,10:30:00 a. m.,Femenino,Sexto Semestre,Contabilidad,hombre en una subagencia diciendo grocerias,Faltas a la moral,-88.27962,18.52116
23/01/2022 15:02,09/12/2021,5:00:00 p. m.,Masculino,Cuarto Semestre,Programación,hombre joven de 1.70 de estatura rapado,Asalto,-88.27825,18.51916
23/01/2022 15:13,18/11/2021,9:30:00 a. m.,Masculino,Sexto Semestre,Diseño Gráfico,persona con sobrepeso en estado de ebriedad,Asalto,-88.27646,18.52796
